./data/audio/acoustic_guitar/9bEbuj4Qb3I.wav,./data/frames/acoustic_guitar/9bEbuj4Qb3I.mp4,2601,30.0,86.843,acoustic_guitar
./data/audio/acoustic_guitar/HPyM9xzrih0.wav,./data/frames/acoustic_guitar/HPyM9xzrih0.mp4,3326,25.0,136.069,acoustic_guitar
./data/audio/acoustic_guitar/OBbmnUIJQDQ.wav,./data/frames/acoustic_guitar/OBbmnUIJQDQ.mp4,3025,30.0,100.984,acoustic_guitar
./data/audio/acoustic_guitar/DeQHA0xP2zk.wav,./data/frames/acoustic_guitar/DeQHA0xP2zk.mp4,6130,30.0,204.591,acoustic_guitar
./data/audio/acoustic_guitar/1XfdURNeY6s.wav,./data/frames/acoustic_guitar/1XfdURNeY6s.mp4,5159,25.0,206.425,acoustic_guitar
./data/audio/acoustic_guitar/DvbeXXoraro.wav,./data/frames/acoustic_guitar/DvbeXXoraro.mp4,3623,25.0,144.985,acoustic_guitar
./data/audio/acoustic_guitar/5awjINljUoo.wav,./data/frames/acoustic_guitar/5awjINljUoo.mp4,4606,30.0,153.739,acoustic_guitar
./data/audio/acoustic_guitar/5UZF3bGoZpM.wav,./data/frames/acoustic_guitar/5UZF3bGoZpM.mp4,6297,30.0,210.164,acoustic_guitar
./data/audio/acoustic_guitar/8rcClHLysvU.wav,./data/frames/acoustic_guitar/8rcClHLysvU.mp4,4595,30.0,153.252,acoustic_guitar
./data/audio/acoustic_guitar/2lJh-6TYdX8.wav,./data/frames/acoustic_guitar/2lJh-6TYdX8.mp4,2862,30.0,95.62,acoustic_guitar
./data/audio/acoustic_guitar/KOt3oARDH9I.wav,./data/frames/acoustic_guitar/KOt3oARDH9I.mp4,4175,30.0,139.227,acoustic_guitar
./data/audio/acoustic_guitar/9SZLDvRaHEA.wav,./data/frames/acoustic_guitar/9SZLDvRaHEA.mp4,3235,25.0,132.865,acoustic_guitar
./data/audio/acoustic_guitar/8LU-kq19V3Y.wav,./data/frames/acoustic_guitar/8LU-kq19V3Y.mp4,2788,30.0,92.996,acoustic_guitar
./data/audio/acoustic_guitar/PDohhCaNf98.wav,./data/frames/acoustic_guitar/PDohhCaNf98.mp4,5473,24.0,228.322,acoustic_guitar
./data/audio/acoustic_guitar/30BRN7-KOG4.wav,./data/frames/acoustic_guitar/30BRN7-KOG4.mp4,6581,30.0,219.638,acoustic_guitar
./data/audio/acoustic_guitar/86hnEemgPPw.wav,./data/frames/acoustic_guitar/86hnEemgPPw.mp4,5083,24.0,212.091,acoustic_guitar
./data/audio/acoustic_guitar/7zrsesZWrhc.wav,./data/frames/acoustic_guitar/7zrsesZWrhc.mp4,5578,24.0,232.71,acoustic_guitar
./data/audio/acoustic_guitar/MhNjhYrEbrc.wav,./data/frames/acoustic_guitar/MhNjhYrEbrc.mp4,5588,30.0,186.503,acoustic_guitar
./data/audio/acoustic_guitar/XYizxH7yAqA.wav,./data/frames/acoustic_guitar/XYizxH7yAqA.mp4,3214,30.0,107.299,acoustic_guitar
./data/audio/acoustic_guitar/MJmVYLWPnCI.wav,./data/frames/acoustic_guitar/MJmVYLWPnCI.mp4,2342,30.0,78.205,acoustic_guitar
./data/audio/acoustic_guitar/PA8DVnECfh0.wav,./data/frames/acoustic_guitar/PA8DVnECfh0.mp4,5652,30.0,188.685,acoustic_guitar
./data/audio/acoustic_guitar/M3dekVSwNjY.wav,./data/frames/acoustic_guitar/M3dekVSwNjY.mp4,5924,30.0,197.555,acoustic_guitar
./data/audio/acoustic_guitar/ZANyOBEWiJA.wav,./data/frames/acoustic_guitar/ZANyOBEWiJA.mp4,4750,24.0,197.973,acoustic_guitar
./data/audio/acoustic_guitar/7SPnwtQkUb4.wav,./data/frames/acoustic_guitar/7SPnwtQkUb4.mp4,6852,30.0,228.693,acoustic_guitar
./data/audio/acoustic_guitar/1OsOEt5Qpfc.wav,./data/frames/acoustic_guitar/1OsOEt5Qpfc.mp4,4680,30.0,156.224,acoustic_guitar
./data/audio/acoustic_guitar/PY3pK0Guf2Y.wav,./data/frames/acoustic_guitar/PY3pK0Guf2Y.mp4,2262,30.0,75.535,acoustic_guitar
./data/audio/saxophone/x5Bzb6R73JQ.wav,./data/frames/saxophone/x5Bzb6R73JQ.mp4,2552,30.0,85.148,saxophone
./data/audio/saxophone/FR_1gEaBeeE.wav,./data/frames/saxophone/FR_1gEaBeeE.mp4,2908,30.0,97.106,saxophone
./data/audio/saxophone/geK-gOMgm20.wav,./data/frames/saxophone/geK-gOMgm20.mp4,1185,29.0,40.867,saxophone
./data/audio/saxophone/tGG2P7mjuqQ.wav,./data/frames/saxophone/tGG2P7mjuqQ.mp4,1515,30.0,50.62,saxophone
./data/audio/saxophone/R700Q9DEUEk.wav,./data/frames/saxophone/R700Q9DEUEk.mp4,1084,12.0,90.395,saxophone
./data/audio/saxophone/QOYMhOXfGMw.wav,./data/frames/saxophone/QOYMhOXfGMw.mp4,5637,30.0,188.151,saxophone
./data/audio/saxophone/OxA5Z_5-w0E.wav,./data/frames/saxophone/OxA5Z_5-w0E.mp4,2322,13.0,178.77,saxophone
./data/audio/saxophone/e5YNEk9Ye-o.wav,./data/frames/saxophone/e5YNEk9Ye-o.mp4,1986,30.0,66.339,saxophone
./data/audio/saxophone/NLGte2YC6Oc.wav,./data/frames/saxophone/NLGte2YC6Oc.mp4,3457,24.0,144.242,saxophone
./data/audio/saxophone/iEOdwzdXmfE.wav,./data/frames/saxophone/iEOdwzdXmfE.mp4,2648,30.0,88.422,saxophone
./data/audio/saxophone/EIpvnh0otts.wav,./data/frames/saxophone/EIpvnh0otts.mp4,4512,30.0,150.628,saxophone
./data/audio/saxophone/TSEWnnKagqQ.wav,./data/frames/saxophone/TSEWnnKagqQ.mp4,3755,30.0,125.341,saxophone
./data/audio/saxophone/OufpA4FV1Tc.wav,./data/frames/saxophone/OufpA4FV1Tc.mp4,3995,30.0,133.283,saxophone
./data/audio/saxophone/fH4pDr8CqI8.wav,./data/frames/saxophone/fH4pDr8CqI8.mp4,4230,29.0,146.541,saxophone
./data/audio/saxophone/lm51ySOO71o.wav,./data/frames/saxophone/lm51ySOO71o.mp4,2391,30.0,79.761,saxophone
./data/audio/saxophone/lDCeAgGUwyc.wav,./data/frames/saxophone/lDCeAgGUwyc.mp4,5733,30.0,191.147,saxophone
./data/audio/saxophone/xyi0Ft3sb0U.wav,./data/frames/saxophone/xyi0Ft3sb0U.mp4,1803,30.0,60.163,saxophone
./data/audio/saxophone/8U4tYnLtuzk.wav,./data/frames/saxophone/8U4tYnLtuzk.mp4,4929,30.0,164.351,saxophone
./data/audio/saxophone/P5pxcBdxa4E.wav,./data/frames/saxophone/P5pxcBdxa4E.mp4,1055,30.0,35.225,saxophone
./data/audio/saxophone/e73x3LGeb_Q.wav,./data/frames/saxophone/e73x3LGeb_Q.mp4,3141,25.0,126.34,saxophone
./data/audio/saxophone/5_NsbkyLO2Q.wav,./data/frames/saxophone/5_NsbkyLO2Q.mp4,6554,30.0,219.452,saxophone
./data/audio/clarinet/W9ZICrM6V-s.wav,./data/frames/clarinet/W9ZICrM6V-s.mp4,1363,30.0,45.581,clarinet
./data/audio/clarinet/23DDVbzSig8.wav,./data/frames/clarinet/23DDVbzSig8.mp4,1954,30.0,65.202,clarinet
./data/audio/clarinet/ZYMb7ZJkJgc.wav,./data/frames/clarinet/ZYMb7ZJkJgc.mp4,4012,30.0,133.793,clarinet
./data/audio/clarinet/IZx6ZXWuOGY.wav,./data/frames/clarinet/IZx6ZXWuOGY.mp4,3587,30.0,119.629,clarinet
./data/audio/clarinet/0IRJ75zgcAY.wav,./data/frames/clarinet/0IRJ75zgcAY.mp4,5325,30.0,177.818,clarinet
./data/audio/clarinet/TKN7q-aEwZw.wav,./data/frames/clarinet/TKN7q-aEwZw.mp4,4788,30.0,159.823,clarinet
./data/audio/clarinet/EXKxvMVayRk.wav,./data/frames/clarinet/EXKxvMVayRk.mp4,557,6.0,92.88,clarinet
./data/audio/clarinet/ZXz0cVq_RTI.wav,./data/frames/clarinet/ZXz0cVq_RTI.mp4,1479,24.0,61.556,clarinet
./data/audio/clarinet/X3GbAKww1KI.wav,./data/frames/clarinet/X3GbAKww1KI.mp4,1946,29.0,67.152,clarinet
./data/audio/clarinet/GQGBzVaDTmM.wav,./data/frames/clarinet/GQGBzVaDTmM.mp4,539,6.0,86.332,clarinet
./data/audio/clarinet/5HNlS9UFELE.wav,./data/frames/clarinet/5HNlS9UFELE.mp4,1043,24.0,43.677,clarinet
./data/audio/clarinet/TREfn2OfujU.wav,./data/frames/clarinet/TREfn2OfujU.mp4,1117,21.0,53.243,clarinet
./data/audio/clarinet/JnAAzR4XZ-I.wav,./data/frames/clarinet/JnAAzR4XZ-I.mp4,1111,25.0,44.443,clarinet
./data/audio/clarinet/PNnZ8wScXjw.wav,./data/frames/clarinet/PNnZ8wScXjw.mp4,332,30.0,11.122,clarinet
./data/audio/clarinet/2D5nT67CIRw.wav,./data/frames/clarinet/2D5nT67CIRw.mp4,3247,29.0,112.013,clarinet
./data/audio/clarinet/focoWBYg16w.wav,./data/frames/clarinet/focoWBYg16w.mp4,4477,30.0,149.281,clarinet
./data/audio/clarinet/D6YQ6WwWZrk.wav,./data/frames/clarinet/D6YQ6WwWZrk.mp4,2569,30.0,86.727,clarinet
./data/audio/clarinet/aTYc-hHt4us.wav,./data/frames/clarinet/aTYc-hHt4us.mp4,775,8.0,103.561,clarinet
./data/audio/clarinet/iLeEWSC2M2U.wav,./data/frames/clarinet/iLeEWSC2M2U.mp4,1727,30.0,57.632,clarinet
./data/audio/clarinet/GKwO7cy2JIA.wav,./data/frames/clarinet/GKwO7cy2JIA.mp4,4055,30.0,135.372,clarinet
./data/audio/clarinet/cZ9-NYYmhXw.wav,./data/frames/clarinet/cZ9-NYYmhXw.mp4,4310,24.0,179.653,clarinet
./data/audio/clarinet/P5nnnybNQ_o.wav,./data/frames/clarinet/P5nnnybNQ_o.mp4,1353,15.0,90.349,clarinet
./data/audio/clarinet/IFEP8Z5Qos0.wav,./data/frames/clarinet/IFEP8Z5Qos0.mp4,389,15.0,26.401,clarinet
./data/audio/clarinet/LPqBkF5NVSQ.wav,./data/frames/clarinet/LPqBkF5NVSQ.mp4,4020,30.0,135.187,clarinet
./data/audio/clarinet/U6iN9QcIp7I.wav,./data/frames/clarinet/U6iN9QcIp7I.mp4,2472,30.0,82.408,clarinet
./data/audio/clarinet/DS500VD8YDg.wav,./data/frames/clarinet/DS500VD8YDg.mp4,6177,30.0,206.17,clarinet
./data/audio/clarinet/0OrLdMPOyos.wav,./data/frames/clarinet/0OrLdMPOyos.mp4,385,30.0,12.91,clarinet
./data/audio/clarinet/eIqVZuyPu2U.wav,./data/frames/clarinet/eIqVZuyPu2U.mp4,1494,25.0,59.815,clarinet
./data/audio/clarinet/82pGU0POQSM.wav,./data/frames/clarinet/82pGU0POQSM.mp4,2720,30.0,90.813,clarinet
./data/audio/clarinet/aZjtE82spMA.wav,./data/frames/clarinet/aZjtE82spMA.mp4,1052,20.0,53.058,clarinet
./data/audio/clarinet/WnUAJsk97k4.wav,./data/frames/clarinet/WnUAJsk97k4.mp4,3826,30.0,127.594,clarinet
./data/audio/clarinet/cEhrpbRf-DY.wav,./data/frames/clarinet/cEhrpbRf-DY.mp4,2278,30.0,76.092,clarinet
./data/audio/clarinet/iHQIK5JM3Xo.wav,./data/frames/clarinet/iHQIK5JM3Xo.mp4,3327,30.0,111.2,clarinet
./data/audio/clarinet/_O1mTqCSo6E.wav,./data/frames/clarinet/_O1mTqCSo6E.mp4,3495,30.0,116.564,clarinet
./data/audio/clarinet/MqB8Ux4DsIM.wav,./data/frames/clarinet/MqB8Ux4DsIM.mp4,633,30.0,21.153,clarinet
./data/audio/clarinet/RqPkcu-xidI.wav,./data/frames/clarinet/RqPkcu-xidI.mp4,5614,25.0,224.607,clarinet
./data/audio/flute/LKVxvHeb8hs.wav,./data/frames/flute/LKVxvHeb8hs.mp4,2878,30.0,96.177,flute
./data/audio/flute/tAuYNf2hqHU.wav,./data/frames/flute/tAuYNf2hqHU.mp4,2533,25.0,101.402,flute
./data/audio/flute/BO7_8o4QSr4.wav,./data/frames/flute/BO7_8o4QSr4.mp4,1149,30.0,38.359,flute
./data/audio/flute/X8rR0SV_BhU.wav,./data/frames/flute/X8rR0SV_BhU.mp4,4545,30.0,151.789,flute
./data/audio/flute/hYepU4PQFAo.wav,./data/frames/flute/hYepU4PQFAo.mp4,688,12.0,57.446,flute
./data/audio/flute/uJnD0NCyJoc.wav,./data/frames/flute/uJnD0NCyJoc.mp4,5242,25.0,209.769,flute
./data/audio/flute/3-zT9mN8Lio.wav,./data/frames/flute/3-zT9mN8Lio.mp4,1895,30.0,63.228,flute
./data/audio/flute/GouIcBwgP_U.wav,./data/frames/flute/GouIcBwgP_U.mp4,5341,30.0,178.283,flute
./data/audio/flute/7Zudy1bw7bw.wav,./data/frames/flute/7Zudy1bw7bw.mp4,5693,30.0,189.962,flute
./data/audio/flute/tfcNUo8qjrA.wav,./data/frames/flute/tfcNUo8qjrA.mp4,3854,30.0,128.615,flute
./data/audio/flute/f1a-JF06840.wav,./data/frames/flute/f1a-JF06840.mp4,4081,25.0,163.26,flute
./data/audio/flute/XlPvAkLT3Yw.wav,./data/frames/flute/XlPvAkLT3Yw.mp4,6119,30.0,204.266,flute
./data/audio/flute/MvPqp3oZwOk.wav,./data/frames/flute/MvPqp3oZwOk.mp4,2025,30.0,67.686,flute
./data/audio/flute/sybsjsj1zPo.wav,./data/frames/flute/sybsjsj1zPo.mp4,5320,25.0,212.857,flute
./data/audio/flute/WNeHlya4VnQ.wav,./data/frames/flute/WNeHlya4VnQ.mp4,2768,30.0,92.415,flute
./data/audio/flute/qb-ttddKLYo.wav,./data/frames/flute/qb-ttddKLYo.mp4,632,30.0,21.223,flute
./data/audio/flute/SMp2-xo1lZE.wav,./data/frames/flute/SMp2-xo1lZE.mp4,1716,30.0,57.307,flute
./data/audio/flute/cTO_2R81fdY.wav,./data/frames/flute/cTO_2R81fdY.mp4,2670,30.0,89.049,flute
./data/audio/flute/8o5ngxZaYYw.wav,./data/frames/flute/8o5ngxZaYYw.mp4,2061,24.0,86.518,flute
./data/audio/flute/unRA0xR-XWc.wav,./data/frames/flute/unRA0xR-XWc.mp4,2793,30.0,93.158,flute
./data/audio/flute/oEb2mlij38w.wav,./data/frames/flute/oEb2mlij38w.mp4,1261,30.0,42.144,flute
./data/audio/flute/cyUUlWSEujk.wav,./data/frames/flute/cyUUlWSEujk.mp4,1199,30.0,40.008,flute
./data/audio/flute/UD2SYltnnlY.wav,./data/frames/flute/UD2SYltnnlY.mp4,6234,30.0,208.074,flute
./data/audio/flute/3q104tR3k2Q.wav,./data/frames/flute/3q104tR3k2Q.mp4,2881,24.0,120.047,flute
./data/audio/flute/cZoWhKTZTYY.wav,./data/frames/flute/cZoWhKTZTYY.mp4,1409,24.0,58.816,flute
./data/audio/flute/d5IO46KfjR4.wav,./data/frames/flute/d5IO46KfjR4.mp4,2958,30.0,98.662,flute
./data/audio/flute/1fhZ3iBeK2g.wav,./data/frames/flute/1fhZ3iBeK2g.mp4,2820,24.0,117.563,flute
./data/audio/flute/B0xFpw9qvD4.wav,./data/frames/flute/B0xFpw9qvD4.mp4,1970,24.0,82.059,flute
./data/audio/flute/QAiwlq3aP2U.wav,./data/frames/flute/QAiwlq3aP2U.mp4,3342,24.0,139.436,flute
./data/audio/flute/Wt40rzyGSBs.wav,./data/frames/flute/Wt40rzyGSBs.mp4,3061,28.0,109.412,flute
./data/audio/flute/D5gWhSH7jRU.wav,./data/frames/flute/D5gWhSH7jRU.mp4,3346,30.0,111.711,flute
./data/audio/flute/KgebjbW1mGk.wav,./data/frames/flute/KgebjbW1mGk.mp4,2491,30.0,83.22,flute
./data/audio/flute/kbTy_5o6AB4.wav,./data/frames/flute/kbTy_5o6AB4.mp4,3614,30.0,120.651,flute
./data/audio/flute/SAN5JBTnlas.wav,./data/frames/flute/SAN5JBTnlas.mp4,1352,24.0,56.494,flute
./data/audio/flute/wEzEcfz1QS0.wav,./data/frames/flute/wEzEcfz1QS0.mp4,5007,30.0,167.114,flute
./data/audio/flute/YR6kjiPyNHU.wav,./data/frames/flute/YR6kjiPyNHU.mp4,4717,30.0,157.246,flute
./data/audio/flute/UZK_2bTuzrI.wav,./data/frames/flute/UZK_2bTuzrI.mp4,1117,30.0,37.338,flute
./data/audio/flute/j0U_hqIH_XM.wav,./data/frames/flute/j0U_hqIH_XM.mp4,4106,28.0,147.168,flute
./data/audio/flute/jW_AuF6dQYY.wav,./data/frames/flute/jW_AuF6dQYY.mp4,2092,30.0,69.799,flute
./data/audio/flute/9L4BvIDqhm8.wav,./data/frames/flute/9L4BvIDqhm8.mp4,3172,30.0,106.162,flute
./data/audio/flute/eHbxLcoLWYY.wav,./data/frames/flute/eHbxLcoLWYY.mp4,2632,30.0,87.795,flute
./data/audio/erhu/Lv2vc_8CZLc.wav,./data/frames/erhu/Lv2vc_8CZLc.mp4,3863,24.0,160.938,erhu
./data/audio/erhu/PFX2WTY9gWI.wav,./data/frames/erhu/PFX2WTY9gWI.mp4,3330,30.0,111.131,erhu
./data/audio/erhu/-SzFwDekTGo.wav,./data/frames/erhu/-SzFwDekTGo.mp4,2028,12.0,169.064,erhu
./data/audio/erhu/REiXxfSu3Fw.wav,./data/frames/erhu/REiXxfSu3Fw.mp4,3540,24.0,147.516,erhu
./data/audio/erhu/AlYZ7nWkzcQ.wav,./data/frames/erhu/AlYZ7nWkzcQ.mp4,1283,30.0,42.818,erhu
./data/audio/erhu/V9rjOI5YEDE.wav,./data/frames/erhu/V9rjOI5YEDE.mp4,1498,13.0,119.025,erhu
./data/audio/erhu/HwVslStJE6U.wav,./data/frames/erhu/HwVslStJE6U.mp4,1178,30.0,39.288,erhu
./data/audio/erhu/9PJgKV2VCcM.wav,./data/frames/erhu/9PJgKV2VCcM.mp4,4163,30.0,138.971,erhu
./data/audio/erhu/7v9Z3IdjP8s.wav,./data/frames/erhu/7v9Z3IdjP8s.mp4,4336,25.0,173.5,erhu
./data/audio/erhu/MJgy2-QJxmE.wav,./data/frames/erhu/MJgy2-QJxmE.mp4,1332,30.0,44.536,erhu
./data/audio/erhu/3XAn8BHmtKg.wav,./data/frames/erhu/3XAn8BHmtKg.mp4,5430,30.0,182.044,erhu
./data/audio/erhu/-e5DuAUwBgA.wav,./data/frames/erhu/-e5DuAUwBgA.mp4,3098,30.0,103.677,erhu
./data/audio/erhu/XvnFhocZ6qM.wav,./data/frames/erhu/XvnFhocZ6qM.mp4,6353,30.0,212.045,erhu
./data/audio/erhu/EJ-dXyKrSKA.wav,./data/frames/erhu/EJ-dXyKrSKA.mp4,3389,22.0,154.111,erhu
./data/audio/erhu/8rb-thew50c.wav,./data/frames/erhu/8rb-thew50c.mp4,2389,30.0,79.761,erhu
./data/audio/erhu/31GOxPXDNkk.wav,./data/frames/erhu/31GOxPXDNkk.mp4,2796,30.0,93.205,erhu
./data/audio/erhu/MTyf4utLlJk.wav,./data/frames/erhu/MTyf4utLlJk.mp4,5322,25.0,212.927,erhu
./data/audio/erhu/DLTK2_UyrDI.wav,./data/frames/erhu/DLTK2_UyrDI.mp4,2522,30.0,84.172,erhu
./data/audio/erhu/2D2ALfuqDpk.wav,./data/frames/erhu/2D2ALfuqDpk.mp4,2556,30.0,85.264,erhu
./data/audio/erhu/3n-vlswrQYM.wav,./data/frames/erhu/3n-vlswrQYM.mp4,1202,30.0,40.124,erhu
./data/audio/erhu/Mdryqvk0UH0.wav,./data/frames/erhu/Mdryqvk0UH0.mp4,1038,30.0,34.644,erhu
./data/audio/erhu/ZMM_u1Bk0SI.wav,./data/frames/erhu/ZMM_u1Bk0SI.mp4,2027,30.0,68.127,erhu
./data/audio/erhu/6d0tmb28kV4.wav,./data/frames/erhu/6d0tmb28kV4.mp4,1702,30.0,56.75,erhu
./data/audio/erhu/EtrYq3j7src.wav,./data/frames/erhu/EtrYq3j7src.mp4,2825,25.0,113.104,erhu
./data/audio/erhu/P6mSuuTzYxk.wav,./data/frames/erhu/P6mSuuTzYxk.mp4,5025,30.0,167.555,erhu
./data/audio/erhu/TWrh_c9YRp8.wav,./data/frames/erhu/TWrh_c9YRp8.mp4,4209,30.0,140.365,erhu
./data/audio/erhu/7THzf3cfEtA.wav,./data/frames/erhu/7THzf3cfEtA.mp4,1134,30.0,37.802,erhu
./data/audio/erhu/BB6a5BPpbFs.wav,./data/frames/erhu/BB6a5BPpbFs.mp4,5321,30.0,177.609,erhu
./data/audio/erhu/HOUBn-wHcwQ.wav,./data/frames/erhu/HOUBn-wHcwQ.mp4,4070,30.0,135.674,erhu
./data/audio/erhu/37HdHAzJrOQ.wav,./data/frames/erhu/37HdHAzJrOQ.mp4,4090,25.0,163.724,erhu
./data/audio/erhu/GgZOTwwD39Y.wav,./data/frames/erhu/GgZOTwwD39Y.mp4,6930,30.0,231.248,erhu
./data/audio/erhu/SVZNEDEIK48.wav,./data/frames/erhu/SVZNEDEIK48.mp4,2215,30.0,73.956,erhu
./data/audio/erhu/JEDgAVcR_yE.wav,./data/frames/erhu/JEDgAVcR_yE.mp4,587,15.0,39.404,erhu
./data/audio/erhu/C7K9dQHlViM.wav,./data/frames/erhu/C7K9dQHlViM.mp4,1085,8.0,141.154,erhu
./data/audio/erhu/BBIENSA_GkE.wav,./data/frames/erhu/BBIENSA_GkE.mp4,1755,30.0,58.607,erhu
./data/audio/erhu/YLTpkQqX_ek.wav,./data/frames/erhu/YLTpkQqX_ek.mp4,2221,30.0,74.165,erhu
./data/audio/erhu/0VyVd_QUCl8.wav,./data/frames/erhu/0VyVd_QUCl8.mp4,3476,24.0,145.032,erhu
./data/audio/erhu/HGqEtp1wpyc.wav,./data/frames/erhu/HGqEtp1wpyc.mp4,4103,30.0,136.998,erhu
./data/audio/erhu/GtQixP8bAk8.wav,./data/frames/erhu/GtQixP8bAk8.mp4,3855,30.0,128.522,erhu
./data/audio/erhu/Us9dxgfBfeo.wav,./data/frames/erhu/Us9dxgfBfeo.mp4,4125,24.0,172.153,erhu
./data/audio/erhu/CtrTfd8foxA.wav,./data/frames/erhu/CtrTfd8foxA.mp4,1695,30.0,56.564,erhu
./data/audio/erhu/0oKi3ARn640.wav,./data/frames/erhu/0oKi3ARn640.mp4,4313,30.0,144.382,erhu
./data/audio/erhu/DlqCn_xrNRU.wav,./data/frames/erhu/DlqCn_xrNRU.mp4,2915,29.0,99.776,erhu
./data/audio/erhu/GH8dcVpkhc0.wav,./data/frames/erhu/GH8dcVpkhc0.mp4,4892,30.0,163.329,erhu
./data/audio/erhu/-7l7M6vMm1k.wav,./data/frames/erhu/-7l7M6vMm1k.mp4,2162,24.0,90.093,erhu
./data/audio/erhu/AOAE4euXbEc.wav,./data/frames/erhu/AOAE4euXbEc.mp4,3645,24.0,151.928,erhu
./data/audio/erhu/-5MipMQ25cU.wav,./data/frames/erhu/-5MipMQ25cU.mp4,3070,25.0,122.88,erhu
./data/audio/erhu/P_dHPMofcwM.wav,./data/frames/erhu/P_dHPMofcwM.mp4,2516,30.0,84.451,erhu
./data/audio/cello/SyToSKUxgKs.wav,./data/frames/cello/SyToSKUxgKs.mp4,5126,30.0,171.108,cello
./data/audio/cello/IlDWk-x6Cag.wav,./data/frames/cello/IlDWk-x6Cag.mp4,2023,30.0,67.57,cello
./data/audio/cello/MCftKtqmH1A.wav,./data/frames/cello/MCftKtqmH1A.mp4,4206,30.0,140.875,cello
./data/audio/cello/VlIcqDWmPkw.wav,./data/frames/cello/VlIcqDWmPkw.mp4,5659,30.0,188.894,cello
./data/audio/cello/7RRqeIUqXPs.wav,./data/frames/cello/7RRqeIUqXPs.mp4,4787,25.0,191.588,cello
./data/audio/cello/VYkZb7F4zKo.wav,./data/frames/cello/VYkZb7F4zKo.mp4,1208,7.0,169.575,cello
./data/audio/cello/4Oy5VmaacaI.wav,./data/frames/cello/4Oy5VmaacaI.mp4,3771,25.0,150.953,cello
./data/audio/cello/D1DjJqqK5Rw.wav,./data/frames/cello/D1DjJqqK5Rw.mp4,5730,24.0,238.817,cello
./data/audio/cello/DPSLdZBaQTM.wav,./data/frames/cello/DPSLdZBaQTM.mp4,6520,30.0,217.71,cello
./data/audio/cello/EvBzKBdfZxA.wav,./data/frames/cello/EvBzKBdfZxA.mp4,1835,30.0,61.301,cello
./data/audio/cello/Lq3671NhNZk.wav,./data/frames/cello/Lq3671NhNZk.mp4,3924,25.0,157.013,cello
./data/audio/cello/XS_dSmZ0xbw.wav,./data/frames/cello/XS_dSmZ0xbw.mp4,7013,30.0,234.057,cello
./data/audio/cello/NhkPpOvrtz0.wav,./data/frames/cello/NhkPpOvrtz0.mp4,4383,30.0,146.17,cello
./data/audio/cello/Rj5XJO5T8PY.wav,./data/frames/cello/Rj5XJO5T8PY.mp4,3259,25.0,130.426,cello
./data/audio/cello/2ARPm0djKIk.wav,./data/frames/cello/2ARPm0djKIk.mp4,5270,24.0,219.638,cello
./data/audio/cello/2R12lQszz90.wav,./data/frames/cello/2R12lQszz90.mp4,4410,30.0,147.098,cello
./data/audio/cello/B22eZY1PESY.wav,./data/frames/cello/B22eZY1PESY.mp4,4920,24.0,205.264,cello
./data/audio/cello/-3V-vUMkHqk.wav,./data/frames/cello/-3V-vUMkHqk.mp4,637,30.0,21.293,cello
./data/audio/cello/R6M2LLmUg1k.wav,./data/frames/cello/R6M2LLmUg1k.mp4,2789,25.0,111.618,cello
./data/audio/cello/PEyIPSlJNQM.wav,./data/frames/cello/PEyIPSlJNQM.mp4,3855,24.0,160.845,cello
./data/audio/cello/MUalqwUFrPs.wav,./data/frames/cello/MUalqwUFrPs.mp4,5430,25.0,217.292,cello
./data/audio/cello/XI7Fx7rJt4I.wav,./data/frames/cello/XI7Fx7rJt4I.mp4,1833,30.0,61.208,cello
./data/audio/cello/_oUTOskOwXs.wav,./data/frames/cello/_oUTOskOwXs.mp4,2410,25.0,96.502,cello
./data/audio/cello/WVeheJFHQS4.wav,./data/frames/cello/WVeheJFHQS4.mp4,6224,30.0,207.726,cello
./data/audio/cello/Rr1UkDkhDlA.wav,./data/frames/cello/Rr1UkDkhDlA.mp4,4705,30.0,157.129,cello
./data/audio/cello/Mh2tJbJiWQQ.wav,./data/frames/cello/Mh2tJbJiWQQ.mp4,5511,30.0,183.995,cello
./data/audio/cello/TBngVoy_GrE.wav,./data/frames/cello/TBngVoy_GrE.mp4,3291,30.0,109.761,cello
./data/audio/cello/MvkJvZSOmjY.wav,./data/frames/cello/MvkJvZSOmjY.mp4,1368,30.0,45.813,cello
./data/audio/cello/CSKOEhh5nBk.wav,./data/frames/cello/CSKOEhh5nBk.mp4,5304,30.0,177.029,cello
./data/audio/cello/I--nizkVQzE.wav,./data/frames/cello/I--nizkVQzE.mp4,2532,25.0,101.378,cello
./data/audio/cello/S86qStDAz3A.wav,./data/frames/cello/S86qStDAz3A.mp4,3045,25.0,121.882,cello
./data/audio/cello/Mff3pp-Fj2w.wav,./data/frames/cello/Mff3pp-Fj2w.mp4,2997,30.0,100.148,cello
./data/audio/cello/PCicM6i59_I.wav,./data/frames/cello/PCicM6i59_I.mp4,4961,30.0,165.419,cello
./data/audio/cello/IcV9yqQOqkw.wav,./data/frames/cello/IcV9yqQOqkw.mp4,2517,24.0,105.047,cello
./data/audio/cello/VdFnyZWJAgo.wav,./data/frames/cello/VdFnyZWJAgo.mp4,6532,30.0,218.012,cello
./data/audio/cello/-Gdh8N_KpLY.wav,./data/frames/cello/-Gdh8N_KpLY.mp4,6284,30.0,209.723,cello
./data/audio/cello/CjNKUiFHUC8.wav,./data/frames/cello/CjNKUiFHUC8.mp4,6564,30.0,218.964,cello
./data/audio/cello/U2s_4d0ZLT8.wav,./data/frames/cello/U2s_4d0ZLT8.mp4,4438,24.0,185.156,cello
./data/audio/cello/9xj3e5A8XwE.wav,./data/frames/cello/9xj3e5A8XwE.mp4,5720,30.0,190.914,cello
./data/audio/cello/M3YZEmQyt6c.wav,./data/frames/cello/M3YZEmQyt6c.mp4,6241,30.0,208.329,cello
./data/audio/cello/ZcKsPFZG4_0.wav,./data/frames/cello/ZcKsPFZG4_0.mp4,4094,30.0,136.533,cello
./data/audio/cello/QeravklOaAg.wav,./data/frames/cello/QeravklOaAg.mp4,5453,24.0,227.509,cello
./data/audio/cello/3N1KAaBJkwU.wav,./data/frames/cello/3N1KAaBJkwU.mp4,2416,30.0,80.643,cello
./data/audio/cello/EtP6JBWtd7s.wav,./data/frames/cello/EtP6JBWtd7s.mp4,5380,29.0,186.038,cello
./data/audio/cello/-_-TDDxoaAc.wav,./data/frames/cello/-_-TDDxoaAc.mp4,5394,25.0,216.944,cello
./data/audio/cello/5Eg6GNhszNE.wav,./data/frames/cello/5Eg6GNhszNE.mp4,3538,30.0,118.004,cello
./data/audio/cello/19CdPaHrVPQ.wav,./data/frames/cello/19CdPaHrVPQ.mp4,5519,30.0,184.25,cello
./data/audio/cello/FcO9w1mYEEs.wav,./data/frames/cello/FcO9w1mYEEs.mp4,5144,25.0,205.891,cello
./data/audio/cello/QZEkGj9m1qs.wav,./data/frames/cello/QZEkGj9m1qs.mp4,2894,30.0,96.618,cello
./data/audio/cello/97UEABGyyw8.wav,./data/frames/cello/97UEABGyyw8.mp4,3789,30.0,127.106,cello
./data/audio/cello/-oe-KptPGnY.wav,./data/frames/cello/-oe-KptPGnY.mp4,2737,30.0,91.301,cello
./data/audio/cello/YmKMEpt9OjQ.wav,./data/frames/cello/YmKMEpt9OjQ.mp4,6256,30.0,208.84,cello
./data/audio/cello/FntHqAlD1S0.wav,./data/frames/cello/FntHqAlD1S0.mp4,3336,24.0,139.204,cello
./data/audio/cello/1Ju4S0qeDqw.wav,./data/frames/cello/1Ju4S0qeDqw.mp4,4294,25.0,171.828,cello
./data/audio/trumpet/ZuJEVqon3lM.wav,./data/frames/trumpet/ZuJEVqon3lM.mp4,1510,25.0,60.72,trumpet
./data/audio/trumpet/aavW-tx8daw.wav,./data/frames/trumpet/aavW-tx8daw.mp4,2645,30.0,88.305,trumpet
./data/audio/trumpet/EwG7o3SS-r0.wav,./data/frames/trumpet/EwG7o3SS-r0.mp4,2677,30.0,89.443,trumpet
./data/audio/trumpet/S3G9BjzPKXo.wav,./data/frames/trumpet/S3G9BjzPKXo.mp4,1025,24.0,42.655,trumpet
./data/audio/trumpet/Ba4ajAm0VDI.wav,./data/frames/trumpet/Ba4ajAm0VDI.mp4,2140,30.0,71.517,trumpet
./data/audio/trumpet/wEF6fWnx_wY.wav,./data/frames/trumpet/wEF6fWnx_wY.mp4,2627,30.0,87.771,trumpet
./data/audio/trumpet/nKc4srJBgYU.wav,./data/frames/trumpet/nKc4srJBgYU.mp4,1386,30.0,46.347,trumpet
./data/audio/trumpet/TaII-y9-5Iw.wav,./data/frames/trumpet/TaII-y9-5Iw.mp4,2945,30.0,98.685,trumpet
./data/audio/trumpet/ENnSwgLc2B4.wav,./data/frames/trumpet/ENnSwgLc2B4.mp4,1134,30.0,37.895,trumpet
./data/audio/trumpet/2V12S02E2Jc.wav,./data/frames/trumpet/2V12S02E2Jc.mp4,2384,30.0,79.691,trumpet
./data/audio/trumpet/VQR_CcRrZA0.wav,./data/frames/trumpet/VQR_CcRrZA0.mp4,558,30.0,18.669,trumpet
./data/audio/trumpet/rZYf9Dl8ew0.wav,./data/frames/trumpet/rZYf9Dl8ew0.mp4,1533,30.0,51.177,trumpet
./data/audio/trumpet/7q1E1pueAU4.wav,./data/frames/trumpet/7q1E1pueAU4.mp4,914,30.0,30.534,trumpet
./data/audio/trumpet/aCi1P8Rymo4.wav,./data/frames/trumpet/aCi1P8Rymo4.mp4,2116,24.0,88.236,trumpet
./data/audio/trumpet/PYjwNew61XQ.wav,./data/frames/trumpet/PYjwNew61XQ.mp4,3478,30.0,116.1,trumpet
./data/audio/trumpet/-dGfOlFsY20.wav,./data/frames/trumpet/-dGfOlFsY20.mp4,1987,30.0,66.293,trumpet
./data/audio/trumpet/sPtLTnsCgMY.wav,./data/frames/trumpet/sPtLTnsCgMY.mp4,501,24.0,21.177,trumpet
./data/audio/trumpet/889Kxn_RYzo.wav,./data/frames/trumpet/889Kxn_RYzo.mp4,724,30.0,24.218,trumpet
./data/audio/trumpet/ds0ayqYweAc.wav,./data/frames/trumpet/ds0ayqYweAc.mp4,989,30.0,33.019,trumpet
./data/audio/trumpet/iqyw0xR5Wf0.wav,./data/frames/trumpet/iqyw0xR5Wf0.mp4,3609,30.0,120.512,trumpet
./data/audio/trumpet/S1iKARDRvX4.wav,./data/frames/trumpet/S1iKARDRvX4.mp4,370,17.0,21.896,trumpet
./data/audio/trumpet/ZFp0yw9Dxcw.wav,./data/frames/trumpet/ZFp0yw9Dxcw.mp4,1130,30.0,37.802,trumpet
./data/audio/trumpet/eBoCeQtoFtM.wav,./data/frames/trumpet/eBoCeQtoFtM.mp4,2129,30.0,71.912,trumpet
./data/audio/trumpet/g1sNdUDTfJQ.wav,./data/frames/trumpet/g1sNdUDTfJQ.mp4,1660,24.0,69.172,trumpet
./data/audio/trumpet/nZ4HNz9xvSw.wav,./data/frames/trumpet/nZ4HNz9xvSw.mp4,2172,30.0,72.469,trumpet
./data/audio/trumpet/zhaLSfnahL0.wav,./data/frames/trumpet/zhaLSfnahL0.mp4,1770,30.0,59.118,trumpet
./data/audio/trumpet/I2QXo4mGeRE.wav,./data/frames/trumpet/I2QXo4mGeRE.mp4,795,30.0,26.587,trumpet
./data/audio/trumpet/U2NMdF5yzdE.wav,./data/frames/trumpet/U2NMdF5yzdE.mp4,1755,30.0,58.607,trumpet
./data/audio/trumpet/_AtTFfgZvEk.wav,./data/frames/trumpet/_AtTFfgZvEk.mp4,2249,30.0,75.302,trumpet
./data/audio/trumpet/ufsSRKgUb6g.wav,./data/frames/trumpet/ufsSRKgUb6g.mp4,675,30.0,22.57,trumpet
./data/audio/trumpet/ZRpsKMe5dSg.wav,./data/frames/trumpet/ZRpsKMe5dSg.mp4,1645,15.0,110.086,trumpet
./data/audio/trumpet/eCQO6k5Qrmg.wav,./data/frames/trumpet/eCQO6k5Qrmg.mp4,1891,30.0,63.692,trumpet
./data/audio/trumpet/2gk-IN35s5I.wav,./data/frames/trumpet/2gk-IN35s5I.mp4,3055,30.0,102.005,trumpet
./data/audio/trumpet/qsciXAjiwF0.wav,./data/frames/trumpet/qsciXAjiwF0.mp4,1948,30.0,65.202,trumpet
./data/audio/trumpet/6G78knF3eFk.wav,./data/frames/trumpet/6G78knF3eFk.mp4,1420,30.0,47.485,trumpet
./data/audio/trumpet/y-Y6QAUqSKg.wav,./data/frames/trumpet/y-Y6QAUqSKg.mp4,2115,30.0,70.635,trumpet
./data/audio/trumpet/zJIt_KdE3Jc.wav,./data/frames/trumpet/zJIt_KdE3Jc.mp4,1282,30.0,42.841,trumpet
./data/audio/accordion/Z_yNLFYjpsY.wav,./data/frames/accordion/Z_yNLFYjpsY.mp4,3167,30.0,105.628,accordion
./data/audio/accordion/oOCHF3GgKLs.wav,./data/frames/accordion/oOCHF3GgKLs.mp4,5142,29.0,178.12,accordion
./data/audio/accordion/Ct-SQmiA31s.wav,./data/frames/accordion/Ct-SQmiA31s.mp4,622,30.0,20.852,accordion
./data/audio/accordion/PohzBumrY2Q.wav,./data/frames/accordion/PohzBumrY2Q.mp4,6017,30.0,200.829,accordion
./data/audio/accordion/4jGq3kfsJpg.wav,./data/frames/accordion/4jGq3kfsJpg.mp4,1758,30.0,58.677,accordion
./data/audio/accordion/ZoE25YHTGDQ.wav,./data/frames/accordion/ZoE25YHTGDQ.mp4,3823,30.0,127.524,accordion
./data/audio/accordion/MnoQccPJbyM.wav,./data/frames/accordion/MnoQccPJbyM.mp4,5907,25.0,236.402,accordion
./data/audio/accordion/RRjph7N4hvk.wav,./data/frames/accordion/RRjph7N4hvk.mp4,4779,30.0,159.405,accordion
./data/audio/accordion/MKSTzG114d0.wav,./data/frames/accordion/MKSTzG114d0.mp4,1599,24.0,66.757,accordion
./data/audio/accordion/9okuB-rub8c.wav,./data/frames/accordion/9okuB-rub8c.mp4,1200,24.0,50.109,accordion
./data/audio/accordion/CgCMBFcifVE.wav,./data/frames/accordion/CgCMBFcifVE.mp4,4575,25.0,183.066,accordion
./data/audio/accordion/2gyrqiqTuiM.wav,./data/frames/accordion/2gyrqiqTuiM.mp4,6241,30.0,209.026,accordion
./data/audio/accordion/OIBq0bBziuw.wav,./data/frames/accordion/OIBq0bBziuw.mp4,4429,30.0,147.841,accordion
./data/audio/accordion/A2p8VW61RGc.wav,./data/frames/accordion/A2p8VW61RGc.mp4,2702,30.0,90.302,accordion
./data/audio/accordion/OnT8HuJuuIA.wav,./data/frames/accordion/OnT8HuJuuIA.mp4,3165,30.0,105.558,accordion
./data/audio/accordion/qMFYRw0uZ_E.wav,./data/frames/accordion/qMFYRw0uZ_E.mp4,5547,25.0,222.006,accordion
./data/audio/accordion/Y5EwbTgIswk.wav,./data/frames/accordion/Y5EwbTgIswk.mp4,6070,30.0,202.617,accordion
./data/audio/accordion/9tiymgwLnKE.wav,./data/frames/accordion/9tiymgwLnKE.mp4,4160,30.0,138.948,accordion
./data/audio/accordion/7G6QVPCHv6Q.wav,./data/frames/accordion/7G6QVPCHv6Q.mp4,5295,30.0,176.518,accordion
./data/audio/accordion/nQpXK7PS-oo.wav,./data/frames/accordion/nQpXK7PS-oo.mp4,2268,30.0,75.743,accordion
./data/audio/accordion/-DlGdZNAsxA.wav,./data/frames/accordion/-DlGdZNAsxA.mp4,4777,25.0,191.17,accordion
./data/audio/accordion/bq5utI8KK_8.wav,./data/frames/accordion/bq5utI8KK_8.mp4,3245,30.0,108.344,accordion
./data/audio/accordion/ADxyFxpe1ls.wav,./data/frames/accordion/ADxyFxpe1ls.mp4,6481,30.0,216.317,accordion
./data/audio/accordion/yy2vL2RUiPI.wav,./data/frames/accordion/yy2vL2RUiPI.mp4,3353,30.0,111.92,accordion
./data/audio/accordion/KC2RgtW4IZ0.wav,./data/frames/accordion/KC2RgtW4IZ0.mp4,1699,24.0,70.891,accordion
./data/audio/accordion/t_3Zm1PbydA.wav,./data/frames/accordion/t_3Zm1PbydA.mp4,6994,30.0,234.22,accordion
./data/audio/accordion/1mCi6eWXVbg.wav,./data/frames/accordion/1mCi6eWXVbg.mp4,3702,30.0,123.646,accordion
./data/audio/accordion/QaOUijKCqZU.wav,./data/frames/accordion/QaOUijKCqZU.mp4,3609,30.0,120.488,accordion
./data/audio/accordion/q4kscRK91y4.wav,./data/frames/accordion/q4kscRK91y4.mp4,2935,25.0,117.47,accordion
./data/audio/accordion/0N26WnKiCIg.wav,./data/frames/accordion/0N26WnKiCIg.mp4,4018,30.0,134.211,accordion
./data/audio/accordion/kCMA0wi7i6Y.wav,./data/frames/accordion/kCMA0wi7i6Y.mp4,3976,30.0,132.725,accordion
./data/audio/accordion/2WZsNZrbt6w.wav,./data/frames/accordion/2WZsNZrbt6w.mp4,5167,30.0,172.478,accordion
./data/audio/accordion/Oytzh19NE6w.wav,./data/frames/accordion/Oytzh19NE6w.mp4,5352,30.0,178.678,accordion
./data/audio/accordion/_jPFkOkNjuo.wav,./data/frames/accordion/_jPFkOkNjuo.mp4,1996,30.0,66.85,accordion
./data/audio/accordion/cFskXS823Kk.wav,./data/frames/accordion/cFskXS823Kk.mp4,3353,25.0,134.188,accordion
./data/audio/accordion/PMDSfAZ4-eo.wav,./data/frames/accordion/PMDSfAZ4-eo.mp4,5727,25.0,229.135,accordion
./data/audio/accordion/YhwsPeOGnGg.wav,./data/frames/accordion/YhwsPeOGnGg.mp4,3497,30.0,116.773,accordion
./data/audio/accordion/phwHB8nASOo.wav,./data/frames/accordion/phwHB8nASOo.mp4,2240,25.0,89.629,accordion
./data/audio/accordion/s1hBC8N4-Zo.wav,./data/frames/accordion/s1hBC8N4-Zo.mp4,4598,30.0,153.577,accordion
./data/audio/accordion/cp_0VICDDSc.wav,./data/frames/accordion/cp_0VICDDSc.mp4,4105,30.0,136.928,accordion
./data/audio/accordion/UKk9DJD1jOo.wav,./data/frames/accordion/UKk9DJD1jOo.mp4,4402,30.0,147.911,accordion
./data/audio/accordion/E6jlrR-M3tk.wav,./data/frames/accordion/E6jlrR-M3tk.mp4,4529,30.0,151.673,accordion
./data/audio/accordion/1LnKd5cuqIc.wav,./data/frames/accordion/1LnKd5cuqIc.mp4,4657,30.0,155.434,accordion
./data/audio/accordion/7C-udYVfjoY.wav,./data/frames/accordion/7C-udYVfjoY.mp4,3890,30.0,129.916,accordion
./data/audio/accordion/XZ1rUpbdu-Y.wav,./data/frames/accordion/XZ1rUpbdu-Y.mp4,1569,30.0,52.361,accordion
./data/audio/accordion/STtGADifdUw.wav,./data/frames/accordion/STtGADifdUw.mp4,2070,24.0,86.401,accordion
./data/audio/accordion/iB17xqmFw3A.wav,./data/frames/accordion/iB17xqmFw3A.mp4,5931,30.0,198.298,accordion
./data/audio/accordion/6hQHOZNwfRs.wav,./data/frames/accordion/6hQHOZNwfRs.mp4,4608,28.0,163.004,accordion
./data/audio/accordion/yn1NaZWN_qQ.wav,./data/frames/accordion/yn1NaZWN_qQ.mp4,2437,30.0,81.363,accordion
./data/audio/accordion/qBnsIqyXheM.wav,./data/frames/accordion/qBnsIqyXheM.mp4,6325,30.0,210.884,accordion
./data/audio/accordion/UYp3dKioAao.wav,./data/frames/accordion/UYp3dKioAao.mp4,4577,29.0,158.174,accordion
./data/audio/accordion/fful4o8CIW8.wav,./data/frames/accordion/fful4o8CIW8.mp4,1112,12.0,92.787,accordion
./data/audio/accordion/Q-Jkk6mJ8AI.wav,./data/frames/accordion/Q-Jkk6mJ8AI.mp4,2556,25.0,102.307,accordion
./data/audio/accordion/Dcp8AuzTG-w.wav,./data/frames/accordion/Dcp8AuzTG-w.mp4,3894,25.0,155.876,accordion
./data/audio/accordion/vhVtX8F0-BY.wav,./data/frames/accordion/vhVtX8F0-BY.mp4,3646,30.0,121.603,accordion
./data/audio/tuba/AAUm9njcMRk.wav,./data/frames/tuba/AAUm9njcMRk.mp4,2788,30.0,93.112,tuba
./data/audio/tuba/1rcU3mH1VVA.wav,./data/frames/tuba/1rcU3mH1VVA.mp4,2507,30.0,83.708,tuba
./data/audio/tuba/UNFwNbFdiTI.wav,./data/frames/tuba/UNFwNbFdiTI.mp4,2635,30.0,87.98,tuba
./data/audio/tuba/W9VsprvJQAM.wav,./data/frames/tuba/W9VsprvJQAM.mp4,3103,30.0,103.654,tuba
./data/audio/tuba/YtOvrQNMkY0.wav,./data/frames/tuba/YtOvrQNMkY0.mp4,486,25.0,19.505,tuba
./data/audio/tuba/DVrCy36Uigo.wav,./data/frames/tuba/DVrCy36Uigo.mp4,3310,28.0,117.516,tuba
./data/audio/tuba/LKMBOuDkEqo.wav,./data/frames/tuba/LKMBOuDkEqo.mp4,1106,30.0,36.92,tuba
./data/audio/tuba/JRPtROMynA8.wav,./data/frames/tuba/JRPtROMynA8.mp4,1885,30.0,63.019,tuba
./data/audio/tuba/C3s60zFIPTs.wav,./data/frames/tuba/C3s60zFIPTs.mp4,5005,30.0,166.835,tuba
./data/audio/tuba/V9NILCtoTkc.wav,./data/frames/tuba/V9NILCtoTkc.mp4,1589,30.0,53.034,tuba
./data/audio/tuba/P_lSgczU2Sk.wav,./data/frames/tuba/P_lSgczU2Sk.mp4,1112,25.0,44.559,tuba
./data/audio/tuba/73ikMuXwKgc.wav,./data/frames/tuba/73ikMuXwKgc.mp4,700,20.0,35.2,tuba
./data/audio/tuba/C952gmBlkIU.wav,./data/frames/tuba/C952gmBlkIU.mp4,3871,25.0,154.97,tuba
./data/audio/tuba/HQveyGmUBSs.wav,./data/frames/tuba/HQveyGmUBSs.mp4,4151,30.0,138.368,tuba
./data/audio/tuba/Gufj4Jhk92I.wav,./data/frames/tuba/Gufj4Jhk92I.mp4,1991,30.0,66.502,tuba
./data/audio/tuba/BabDKZLYlyE.wav,./data/frames/tuba/BabDKZLYlyE.mp4,1063,30.0,35.712,tuba
./data/audio/tuba/GSol2w0QnJE.wav,./data/frames/tuba/GSol2w0QnJE.mp4,1731,30.0,57.818,tuba
./data/audio/tuba/4CTkB84ukfY.wav,./data/frames/tuba/4CTkB84ukfY.mp4,1213,30.0,40.542,tuba
./data/audio/tuba/S9ES30JJTZc.wav,./data/frames/tuba/S9ES30JJTZc.mp4,1830,30.0,61.138,tuba
./data/audio/tuba/ASUUqMvTdjg.wav,./data/frames/tuba/ASUUqMvTdjg.mp4,1176,30.0,39.288,tuba
./data/audio/tuba/35TPV7_D7do.wav,./data/frames/tuba/35TPV7_D7do.mp4,768,30.0,25.658,tuba
./data/audio/tuba/4lVuJEIaXgo.wav,./data/frames/tuba/4lVuJEIaXgo.mp4,1829,30.0,61.092,tuba
./data/audio/tuba/ZtVxXYObmOQ.wav,./data/frames/tuba/ZtVxXYObmOQ.mp4,6396,30.0,213.461,tuba
./data/audio/tuba/SDR39fhyZRI.wav,./data/frames/tuba/SDR39fhyZRI.mp4,3117,30.0,104.072,tuba
./data/audio/tuba/VA1EolcDwZI.wav,./data/frames/tuba/VA1EolcDwZI.mp4,2368,30.0,79.018,tuba
./data/audio/tuba/InzjAr8VdvY.wav,./data/frames/tuba/InzjAr8VdvY.mp4,1299,30.0,43.445,tuba
./data/audio/tuba/_idF1Hf3-CI.wav,./data/frames/tuba/_idF1Hf3-CI.mp4,6746,30.0,225.094,tuba
./data/audio/tuba/NDVxjRCWjYU.wav,./data/frames/tuba/NDVxjRCWjYU.mp4,6240,30.0,208.26,tuba
./data/audio/tuba/8sgzGhxw-tM.wav,./data/frames/tuba/8sgzGhxw-tM.mp4,3851,30.0,128.499,tuba
./data/audio/tuba/-X4loU7hcpw.wav,./data/frames/tuba/-X4loU7hcpw.mp4,1322,30.0,44.071,tuba
./data/audio/tuba/aerJoJj--HU.wav,./data/frames/tuba/aerJoJj--HU.mp4,3476,24.0,144.893,tuba
./data/audio/tuba/GV2bbRPFhvk.wav,./data/frames/tuba/GV2bbRPFhvk.mp4,1230,30.0,41.076,tuba
./data/audio/tuba/6pkShdDe9LU.wav,./data/frames/tuba/6pkShdDe9LU.mp4,623,30.0,20.782,tuba
./data/audio/tuba/ALMOnRonTPM.wav,./data/frames/tuba/ALMOnRonTPM.mp4,731,30.0,24.451,tuba
./data/audio/tuba/9RSYp7jWRfY.wav,./data/frames/tuba/9RSYp7jWRfY.mp4,590,30.0,19.714,tuba
./data/audio/tuba/8EU0xM-pQOI.wav,./data/frames/tuba/8EU0xM-pQOI.mp4,1169,30.0,39.033,tuba
./data/audio/tuba/Xm5a8vCHlFw.wav,./data/frames/tuba/Xm5a8vCHlFw.mp4,1682,30.0,56.192,tuba
./data/audio/tuba/Aibr0BCz-Yk.wav,./data/frames/tuba/Aibr0BCz-Yk.mp4,5481,30.0,182.95,tuba
./data/audio/tuba/G46O0IzYtt0.wav,./data/frames/tuba/G46O0IzYtt0.mp4,1939,30.0,64.644,tuba
./data/audio/tuba/4AsWvRTLPWI.wav,./data/frames/tuba/4AsWvRTLPWI.mp4,627,17.0,37.361,tuba
./data/audio/tuba/N3nwDmWvsF4.wav,./data/frames/tuba/N3nwDmWvsF4.mp4,5535,25.0,221.449,tuba
./data/audio/tuba/WSRAO6abxog.wav,./data/frames/tuba/WSRAO6abxog.mp4,2545,30.0,85.148,tuba
./data/audio/tuba/AKNt1SF-5VA.wav,./data/frames/tuba/AKNt1SF-5VA.mp4,2919,30.0,98.011,tuba
./data/audio/tuba/8YNdpTm2vsc.wav,./data/frames/tuba/8YNdpTm2vsc.mp4,7079,30.0,236.263,tuba
./data/audio/tuba/LUZf782HzNo.wav,./data/frames/tuba/LUZf782HzNo.mp4,4833,30.0,161.309,tuba
./data/audio/tuba/2tG4y_uyEAY.wav,./data/frames/tuba/2tG4y_uyEAY.mp4,1920,30.0,64.041,tuba
./data/audio/tuba/43N29koKyPo.wav,./data/frames/tuba/43N29koKyPo.mp4,545,15.0,36.608,tuba
./data/audio/tuba/1owUN7YXSzE.wav,./data/frames/tuba/1owUN7YXSzE.mp4,2560,30.0,85.496,tuba
./data/audio/xylophone/L_ErwglZCJM.wav,./data/frames/xylophone/L_ErwglZCJM.mp4,2011,30.0,67.129,xylophone
./data/audio/xylophone/KPTyodoU2ng.wav,./data/frames/xylophone/KPTyodoU2ng.mp4,4728,25.0,189.196,xylophone
./data/audio/xylophone/EHKq3-zwphs.wav,./data/frames/xylophone/EHKq3-zwphs.mp4,3582,30.0,119.606,xylophone
./data/audio/xylophone/9fOU26yd0Pw.wav,./data/frames/xylophone/9fOU26yd0Pw.mp4,2874,30.0,96.038,xylophone
./data/audio/xylophone/oQJVBH6ST7o.wav,./data/frames/xylophone/oQJVBH6ST7o.mp4,5880,30.0,196.325,xylophone
./data/audio/xylophone/6I846oP0E7Q.wav,./data/frames/xylophone/6I846oP0E7Q.mp4,5866,30.0,195.86,xylophone
./data/audio/xylophone/GF-3c8hBi9I.wav,./data/frames/xylophone/GF-3c8hBi9I.mp4,5763,30.0,192.168,xylophone
./data/audio/xylophone/Xx0Haa8Fk2o.wav,./data/frames/xylophone/Xx0Haa8Fk2o.mp4,6601,30.0,220.311,xylophone
./data/audio/xylophone/NdzCe7COROw.wav,./data/frames/xylophone/NdzCe7COROw.mp4,6602,30.0,220.125,xylophone
./data/audio/xylophone/fhf2cx9t4vY.wav,./data/frames/xylophone/fhf2cx9t4vY.mp4,627,30.0,20.968,xylophone
./data/audio/xylophone/-0gYWIOfqdM.wav,./data/frames/xylophone/-0gYWIOfqdM.mp4,2574,30.0,85.891,xylophone
./data/audio/xylophone/JkhKTTB0YB8.wav,./data/frames/xylophone/JkhKTTB0YB8.mp4,1023,30.0,34.157,xylophone
./data/audio/xylophone/fhzqzm0dYuE.wav,./data/frames/xylophone/fhzqzm0dYuE.mp4,4710,30.0,157.199,xylophone
./data/audio/xylophone/qLLwSb9YX5g.wav,./data/frames/xylophone/qLLwSb9YX5g.mp4,972,30.0,32.508,xylophone
./data/audio/xylophone/Jd5heRezP5s.wav,./data/frames/xylophone/Jd5heRezP5s.mp4,3350,30.0,111.851,xylophone
./data/audio/xylophone/GezwOJW568A.wav,./data/frames/xylophone/GezwOJW568A.mp4,915,30.0,30.581,xylophone
./data/audio/xylophone/Z36VEiqi02Y.wav,./data/frames/xylophone/Z36VEiqi02Y.mp4,5598,30.0,186.805,xylophone
./data/audio/xylophone/JbGvqve_JH0.wav,./data/frames/xylophone/JbGvqve_JH0.mp4,3975,30.0,132.702,xylophone
./data/audio/xylophone/91MhpKVea30.wav,./data/frames/xylophone/91MhpKVea30.mp4,6843,30.0,228.415,xylophone
./data/audio/xylophone/-XAsXmbExkE.wav,./data/frames/xylophone/-XAsXmbExkE.mp4,3911,30.0,130.519,xylophone
./data/audio/xylophone/2kBkI6f1X_s.wav,./data/frames/xylophone/2kBkI6f1X_s.mp4,2932,30.0,97.756,xylophone
./data/audio/xylophone/Jtq-HDS3Zdc.wav,./data/frames/xylophone/Jtq-HDS3Zdc.mp4,2589,30.0,86.378,xylophone
./data/audio/xylophone/Sw8346DYwME.wav,./data/frames/xylophone/Sw8346DYwME.mp4,1692,25.0,67.733,xylophone
./data/audio/xylophone/lJfi82vd9eI.wav,./data/frames/xylophone/lJfi82vd9eI.mp4,7020,30.0,234.057,xylophone
./data/audio/xylophone/0o22Fy2Hr3s.wav,./data/frames/xylophone/0o22Fy2Hr3s.mp4,6808,30.0,227.23,xylophone
./data/audio/xylophone/894n_sDSEc0.wav,./data/frames/xylophone/894n_sDSEc0.mp4,3144,24.0,130.821,xylophone
./data/audio/xylophone/loCRmBvtHZ4.wav,./data/frames/xylophone/loCRmBvtHZ4.mp4,4424,30.0,147.632,xylophone
./data/audio/xylophone/PF9PrzmkR2Q.wav,./data/frames/xylophone/PF9PrzmkR2Q.mp4,2592,30.0,86.494,xylophone
./data/audio/xylophone/c-Yr5qyCefA.wav,./data/frames/xylophone/c-Yr5qyCefA.mp4,4583,30.0,152.834,xylophone
./data/audio/xylophone/dpnBlIZGyJA.wav,./data/frames/xylophone/dpnBlIZGyJA.mp4,904,24.0,37.756,xylophone
./data/audio/xylophone/DGn7xcsxMPk.wav,./data/frames/xylophone/DGn7xcsxMPk.mp4,3857,30.0,128.987,xylophone
./data/audio/xylophone/XmjMGVv3TLk.wav,./data/frames/xylophone/XmjMGVv3TLk.mp4,3291,30.0,109.877,xylophone
./data/audio/xylophone/No-IJw4uWMw.wav,./data/frames/xylophone/No-IJw4uWMw.mp4,5578,30.0,185.992,xylophone
./data/audio/xylophone/BwDQ9VIW74Q.wav,./data/frames/xylophone/BwDQ9VIW74Q.mp4,2732,30.0,91.208,xylophone
./data/audio/xylophone/VcEhFKOTF7A.wav,./data/frames/xylophone/VcEhFKOTF7A.mp4,1705,30.0,57.005,xylophone
./data/audio/xylophone/lVpWbUIW0gY.wav,./data/frames/xylophone/lVpWbUIW0gY.mp4,2300,24.0,95.898,xylophone
./data/audio/xylophone/5lm9laLSORc.wav,./data/frames/xylophone/5lm9laLSORc.mp4,4537,25.0,181.603,xylophone
./data/audio/xylophone/McMd-s4XpZk.wav,./data/frames/xylophone/McMd-s4XpZk.mp4,2276,30.0,75.952,xylophone
./data/audio/violin/GysCM0WBZzM.wav,./data/frames/violin/GysCM0WBZzM.mp4,2538,30.0,84.776,violin
./data/audio/violin/-5CDUnGu3jA.wav,./data/frames/violin/-5CDUnGu3jA.mp4,6207,30.0,207.192,violin
./data/audio/violin/yXKJiqOuvkA.wav,./data/frames/violin/yXKJiqOuvkA.mp4,4223,30.0,140.968,violin
./data/audio/violin/K1LRscO7TSw.wav,./data/frames/violin/K1LRscO7TSw.mp4,5862,30.0,195.466,violin
./data/audio/violin/vYr0vft28Tg.wav,./data/frames/violin/vYr0vft28Tg.mp4,4974,30.0,166.023,violin
./data/audio/violin/X2gQ8Jnk2P8.wav,./data/frames/violin/X2gQ8Jnk2P8.mp4,3943,30.0,131.495,violin
./data/audio/violin/CaeZoHNHul0.wav,./data/frames/violin/CaeZoHNHul0.mp4,2611,15.0,174.428,violin
./data/audio/violin/kuNep98Fd8o.wav,./data/frames/violin/kuNep98Fd8o.mp4,5148,30.0,171.828,violin
./data/audio/violin/HyD1g1KDoEE.wav,./data/frames/violin/HyD1g1KDoEE.mp4,6598,30.0,219.986,violin
./data/audio/violin/85KcVDCQLfc.wav,./data/frames/violin/85KcVDCQLfc.mp4,4787,30.0,159.893,violin
./data/audio/violin/TOLoplXKr7U.wav,./data/frames/violin/TOLoplXKr7U.mp4,4088,30.0,136.464,violin
./data/audio/violin/rg41DcQAwWI.wav,./data/frames/violin/rg41DcQAwWI.mp4,1001,8.0,130.403,violin
./data/audio/violin/cMYr693e3Eo.wav,./data/frames/violin/cMYr693e3Eo.mp4,1740,30.0,58.05,violin
./data/audio/violin/P4KxMdjna0k.wav,./data/frames/violin/P4KxMdjna0k.mp4,3539,30.0,118.143,violin
./data/audio/violin/VtZXRWtp5G0.wav,./data/frames/violin/VtZXRWtp5G0.mp4,1547,24.0,64.575,violin
./data/audio/violin/MfzC4e3nD4I.wav,./data/frames/violin/MfzC4e3nD4I.mp4,4181,24.0,174.126,violin
./data/audio/violin/2ZxAVUsuE4Y.wav,./data/frames/violin/2ZxAVUsuE4Y.mp4,2814,30.0,93.901,violin
./data/audio/violin/-UoFXtE2eqk.wav,./data/frames/violin/-UoFXtE2eqk.mp4,7050,30.0,235.288,violin
./data/audio/violin/YK94q0Fwquc.wav,./data/frames/violin/YK94q0Fwquc.mp4,928,25.0,37.245,violin
./data/audio/violin/pWGLb57zbz8.wav,./data/frames/violin/pWGLb57zbz8.mp4,4407,30.0,147.168,violin
./data/audio/violin/H-j5lp2QjEE.wav,./data/frames/violin/H-j5lp2QjEE.mp4,3105,30.0,103.654,violin
./data/audio/violin/w81p5ty4OZc.wav,./data/frames/violin/w81p5ty4OZc.mp4,3873,30.0,129.289,violin
./data/audio/violin/X2hHGcwLPhs.wav,./data/frames/violin/X2hHGcwLPhs.mp4,1372,15.0,99.753,violin
./data/audio/violin/XlvlHfWjKx4.wav,./data/frames/violin/XlvlHfWjKx4.mp4,5012,30.0,167.857,violin
./data/audio/violin/WjwOm5pJlI0.wav,./data/frames/violin/WjwOm5pJlI0.mp4,3036,30.0,101.332,violin
./data/audio/violin/41b8GUEx-OM.wav,./data/frames/violin/41b8GUEx-OM.mp4,4050,30.0,135.047,violin
./data/audio/violin/-tY40Ev8IzE.wav,./data/frames/violin/-tY40Ev8IzE.mp4,5294,30.0,176.518,violin
./data/audio/violin/TyMrlwmg5M4.wav,./data/frames/violin/TyMrlwmg5M4.mp4,2980,30.0,99.474,violin
./data/audio/violin/BMhnTdy-A0M.wav,./data/frames/violin/BMhnTdy-A0M.mp4,1416,30.0,47.299,violin
./data/audio/violin/ZgGEuzLZw2E.wav,./data/frames/violin/ZgGEuzLZw2E.mp4,2420,25.0,96.943,violin
./data/audio/violin/6uqTP6obYNM.wav,./data/frames/violin/6uqTP6obYNM.mp4,1689,30.0,56.355,violin
./data/audio/violin/8mDNLCo1McQ.wav,./data/frames/violin/8mDNLCo1McQ.mp4,2641,24.0,110.295,violin
./data/audio/violin/nyOkMXal0yA.wav,./data/frames/violin/nyOkMXal0yA.mp4,4342,25.0,173.732,violin
./data/audio/violin/-L5Bo-mWKCI.wav,./data/frames/violin/-L5Bo-mWKCI.mp4,1440,30.0,48.089,violin
./data/audio/violin/9kwbEUqCNbU.wav,./data/frames/violin/9kwbEUqCNbU.mp4,3748,30.0,125.179,violin
./data/audio/violin/KG-tXicVpsg.wav,./data/frames/violin/KG-tXicVpsg.mp4,4002,24.0,167.021,violin
./data/audio/violin/MeAWoVYCPL8.wav,./data/frames/violin/MeAWoVYCPL8.mp4,6525,30.0,217.78,violin
./data/audio/violin/lp4_79ooAQo.wav,./data/frames/violin/lp4_79ooAQo.mp4,2871,30.0,96.641,violin
./data/audio/violin/9dOqmTMqp1k.wav,./data/frames/violin/9dOqmTMqp1k.mp4,2358,24.0,98.244,violin
./data/audio/violin/DR03cfIsEts.wav,./data/frames/violin/DR03cfIsEts.mp4,3321,30.0,110.875,violin
./data/audio/violin/9g20WQ0WHn0.wav,./data/frames/violin/9g20WQ0WHn0.mp4,3349,30.0,111.827,violin
./data/audio/violin/10RkjPIguAY.wav,./data/frames/violin/10RkjPIguAY.mp4,4212,30.0,140.69,violin
./data/audio/violin/l7LptHCRkQU.wav,./data/frames/violin/l7LptHCRkQU.mp4,5543,25.0,221.774,violin
./data/audio/violin/VuDxLNdxl6I.wav,./data/frames/violin/VuDxLNdxl6I.mp4,5481,24.0,228.624,violin
./data/audio/violin/rxr5tTH8_mM.wav,./data/frames/violin/rxr5tTH8_mM.mp4,5468,24.0,228.113,violin
./data/audio/violin/bapfkDpaSGw.wav,./data/frames/violin/bapfkDpaSGw.mp4,2618,24.0,109.296,violin
./data/audio/violin/-_jlqeSs6ZU.wav,./data/frames/violin/-_jlqeSs6ZU.mp4,2164,28.0,76.742,violin
./data/audio/violin/ZFuLPm6-kVw.wav,./data/frames/violin/ZFuLPm6-kVw.mp4,1086,30.0,36.293,violin
